"Key","English","Context","Risk","ProtectedTokens","Parameters","CodexJapanese","TrackerOrBethesdaOwned"
"about.attribution","Cosmos icons created by gravisio - Flaticon","About dialog content or accessible control.","LOW","Cosmos icons created by gravisio - Flaticon","","Cosmos icons created by gravisio - Flaticon","Tracker-authored"
"about.closeDialog","Close About dialog","About dialog content or accessible control.","LOW","","","「このアプリについて」ダイアログを閉じる","Tracker-authored"
"about.description","A tracking tool for Starfield outpost networks.","About dialog content or accessible control.","LOW","","","スターフィールドの拠点ネットワークを記録・管理するツールです。","Tracker-authored"
"cargo.add","Add cargo link","Cargo Link, destination, or export UI.","MEDIUM","","","貨物リンクを追加","Tracker-authored"
"cargo.addButton","+ Add Cargo Link","Cargo Link, destination, or export UI.","MEDIUM","","","＋ 貨物リンクを追加","Tracker-authored"
"cargo.addWithLimit","Add cargo link ({count} of {limit})","Cargo Link, destination, or export UI.","MEDIUM","","count; limit","貨物リンクを追加（{count}/{limit}）","Tracker-authored"
"cargo.collapseAll","Collapse all","Cargo Link, destination, or export UI.","MEDIUM","","","すべて折りたたむ","Tracker-authored"
"cargo.destination.linkedLocator","{outpost} / {pad}","Cargo Link, destination, or export UI.","MEDIUM","","outpost; pad","{outpost} / {pad}","Tracker-authored"
"cargo.destination.noPads","{outpost} — no cargo links","Cargo Link, destination, or export UI.","MEDIUM","","outpost","{outpost} — 貨物リンクなし","Tracker-authored"
"cargo.destination.nothing","nothing","Cargo Link, destination, or export UI.","MEDIUM","","","なし","Tracker-authored"
"cargo.destination.outpost","Destination outpost","Cargo Link, destination, or export UI.","MEDIUM","","","搬送先の拠点","Tracker-authored"
"cargo.destination.pad","Destination cargo link","Cargo Link, destination, or export UI.","MEDIUM","","","搬送先の貨物リンク","Tracker-authored"
"cargo.destination.padContents","{pad}: ({contents})","Cargo Link, destination, or export UI.","MEDIUM","","contents; pad","{pad}：（{contents}）","Tracker-authored"
"cargo.destination.padContentsLinked","{pad}: ({contents}) — linked to {destination}","Cargo Link, destination, or export UI.","MEDIUM","","contents; destination; pad","{pad}：（{contents}）— {destination}に接続","Tracker-authored"
"cargo.destination.selectPad","Select cargo link...","Cargo Link, destination, or export UI.","MEDIUM","","","貨物リンクを選択...","Tracker-authored"
"cargo.destination.unknownPad","Unknown cargo link","Cargo Link, destination, or export UI.","MEDIUM","","","不明な貨物リンク","Tracker-authored"
"cargo.destination.unknownPadInline","unknown cargo link","Cargo Link, destination, or export UI.","MEDIUM","","","不明な貨物リンク","Tracker-authored"
"cargo.destination.unlinked","Unlinked","Cargo Link, destination, or export UI.","MEDIUM","","","未接続","Tracker-authored"
"cargo.expandAll","Expand all","Cargo Link, destination, or export UI.","MEDIUM","","","すべて展開","Tracker-authored"
"cargo.export.toggle","Toggle export for {item}","Cargo Link, destination, or export UI.","MEDIUM","","item","{item}の搬出を切り替え","Tracker-authored"
"cargo.exports.empty","No items available to export.","Cargo Link, destination, or export UI.","MEDIUM","","","搬出できる項目がありません。","Tracker-authored"
"cargo.exports.heading","Exports","Cargo Link, destination, or export UI.","MEDIUM","","","搬出","Tracker-authored"
"cargo.finishReshuffle","Finish reshuffling cargo links","Cargo Link, destination, or export UI.","MEDIUM","","","貨物リンクの並べ替えを完了","Tracker-authored"
"cargo.heading","Cargo Links","Cargo Link, destination, or export UI.","MEDIUM","","","貨物リンク","Tracker-authored"
"cargo.interSystem.button","Inter-System","Cargo Link, destination, or export UI.","MEDIUM","","","星系間","Tracker-authored"
"cargo.interSystem.context","Inter-System Cargo Links","Cargo Link, destination, or export UI.","MEDIUM","","","星系間貨物リンク","Tracker-authored"
"cargo.interstellar","Inter-System Cargo Link","Cargo Link, destination, or export UI.","MEDIUM","","","星系間貨物リンク","Tracker-authored"
"cargo.lockOrder","Lock order","Cargo Link, destination, or export UI.","MEDIUM","","","並び順をロック","Tracker-authored"
"cargo.pad.count","{count} {count, plural, one {cargo link} other {cargo links}}","Cargo Link, destination, or export UI.","MEDIUM","","count","{count}件の貨物リンク","Tracker-authored"
"cargo.pad.emptyExports","No exports","Cargo Link, destination, or export UI.","MEDIUM","","","搬出なし","Tracker-authored"
"cargo.pad.linkedTo","Linked to {outpost}","Cargo Link, destination, or export UI.","MEDIUM","","outpost","{outpost}に接続","Tracker-authored"
"cargo.pad.noDestination","Unlinked","Cargo Link, destination, or export UI.","MEDIUM","","","未接続","Tracker-authored"
"cargo.pad.remove","Remove {pad}","Cargo Link, destination, or export UI.","MEDIUM","","pad","{pad}を削除","Tracker-authored"
"cargo.pad.summary","Cargo Link {ordinal}","Cargo Link, destination, or export UI.","MEDIUM","","ordinal","貨物リンク{ordinal}","Tracker-authored"
"cargo.remove","Remove","Cargo Link, destination, or export UI.","MEDIUM","","","削除","Tracker-authored"
"cargo.reshuffle","Reshuffle cargo links","Cargo Link, destination, or export UI.","MEDIUM","","","貨物リンクを並べ替え","Tracker-authored"
"cargo.reshuffleButton","Reshuffle","Cargo Link, destination, or export UI.","MEDIUM","","","並べ替え","Tracker-authored"
"character.level","Level","Character details field or Starfield skill label.","LOW","","","レベル","Tracker-authored"
"character.name","Character","Character details field or Starfield skill label.","LOW","","","キャラクター","Tracker-authored"
"character.skill.outpostEngineering","Outpost Engineering","Character details field or Starfield skill label.","LOW","","","拠点エンジニアリング","Tracker-authored"
"character.skill.outpostManagement","Outpost Management","Character details field or Starfield skill label.","LOW","","","拠点管理","Tracker-authored"
"character.skill.planetaryHabitation","Planetary Habitation","Character details field or Starfield skill label.","LOW","","","惑星居住","Tracker-authored"
"character.skill.researchMethods","Research Methods","Character details field or Starfield skill label.","LOW","","","研究手法","Tracker-authored"
"character.skill.specialProjects","Special Projects","Character details field or Starfield skill label.","LOW","","","特別プロジェクト","Tracker-authored"
"common.about","About","Shared visible or accessible UI action.","LOW","","","このアプリについて","Tracker-authored"
"common.cancel","Cancel","Shared visible or accessible UI action.","LOW","","","キャンセル","Tracker-authored"
"common.cancel.lower","cancel","Shared visible or accessible UI action.","LOW","","","キャンセル","Tracker-authored"
"common.close","Close","Shared visible or accessible UI action.","LOW","","","閉じる","Tracker-authored"
"common.collapseItem","Collapse {item}","Shared visible or accessible UI action.","LOW","","item","{item}を折りたたむ","Tracker-authored"
"common.dragToReorder","Drag {item} to reorder","Shared visible or accessible UI action.","LOW","","item","{item}をドラッグして並べ替え","Tracker-authored"
"common.edit","edit","Shared visible or accessible UI action.","LOW","","","編集","Tracker-authored"
"common.expandItem","Expand {item}","Shared visible or accessible UI action.","LOW","","item","{item}を展開","Tracker-authored"
"common.moveDown","Move {item} down","Shared visible or accessible UI action.","LOW","","item","{item}を下へ移動","Tracker-authored"
"common.moveUp","Move {item} up","Shared visible or accessible UI action.","LOW","","item","{item}を上へ移動","Tracker-authored"
"common.removeItem","Remove {item}","Shared visible or accessible UI action.","LOW","","item","{item}を削除","Tracker-authored"
"common.save","save","Shared visible or accessible UI action.","LOW","","","保存","Tracker-authored"
"help.biomes","Selected biomes limit resource availability to resources that can occur in those biomes.","Contextual help, tooltip, or explanatory guidance.","HIGH","","","選択したバイオームにより、利用可能な資源はそのバイオームに存在し得るものに限定されます。","Tracker-authored"
"help.contextLabel","Help for {context}","Contextual help, tooltip, or explanatory guidance.","HIGH","","context","{context}のヘルプ","Tracker-authored"
"help.forContext","Help for {context}","Contextual help, tooltip, or explanatory guidance.","HIGH","","context","{context}のヘルプ","Tracker-authored"
"help.inorganicPresentPossible","{resource} may be present at this outpost.","Contextual help, tooltip, or explanatory guidance.","HIGH","","resource","{resource}はこの拠点に存在する可能性があります。","Tracker-authored"
"help.inorganicPresentRecorded","{resource} is recorded as present at this outpost.","Contextual help, tooltip, or explanatory guidance.","HIGH","","resource","{resource}はこの拠点に存在すると記録されています。","Tracker-authored"
"help.interSystem","Inter-System Cargo Links can connect outposts in different star systems and require Helium-3.","Contextual help, tooltip, or explanatory guidance.","HIGH","","","星系間貨物リンクは異なる星系の拠点同士を接続でき、He-3を必要とします。","Tracker-authored"
"help.logistics","Items currently assigned to cargo links are displayed here.","Contextual help, tooltip, or explanatory guidance.","HIGH","","","現在貨物リンクに割り当てられている項目がここに表示されます。","Tracker-authored"
"help.organic.availableBiome","{resource} is available from a domesticable species in {biome}.","Contextual help, tooltip, or explanatory guidance.","HIGH","","biome; resource","{biome}の飼育可能な生物種から{resource}を得られます。","Tracker-authored"
"help.organic.availableBiomes","{resource} is available from a domesticable species in the selected biomes.","Contextual help, tooltip, or explanatory guidance.","HIGH","","resource","選択したバイオームの飼育可能な生物種から{resource}を得られます。","Tracker-authored"
"help.organic.availablePlanet","{resource} is available from a domesticable species on this planet.","Contextual help, tooltip, or explanatory guidance.","HIGH","","resource","この惑星の飼育可能な生物種から{resource}を得られます。","Tracker-authored"
"help.organic.availableSelectedBiome","{resource} is available from a domesticable species in the selected biome.","Contextual help, tooltip, or explanatory guidance.","HIGH","","resource","選択したバイオームの飼育可能な生物種から{resource}を得られます。","Tracker-authored"
"help.organic.unavailableBiome","{resource} is not available from this domesticable species in the selected biome.","Contextual help, tooltip, or explanatory guidance.","HIGH","","resource","選択したバイオームでは、この飼育可能な生物種から{resource}を得られません。","Tracker-authored"
"help.organic.unavailableBiomes","{resource} is not available from this domesticable species in the selected biomes.","Contextual help, tooltip, or explanatory guidance.","HIGH","","resource","選択したバイオームでは、この飼育可能な生物種から{resource}を得られません。","Tracker-authored"
"help.organic.unavailablePlanet","{resource} is not available from this domesticable species on this planet.","Contextual help, tooltip, or explanatory guidance.","HIGH","","resource","この惑星では、この飼育可能な生物種から{resource}を得られません。","Tracker-authored"
"help.plannedSupply","Selected items act as placeholders until local or imported supply is established.","Contextual help, tooltip, or explanatory guidance.","HIGH","","","選択した項目は、現地供給または搬入が確立されるまで仮の供給として扱われます。","Tracker-authored"
"help.present","Shows whether a resource can be present at this outpost.","Contextual help, tooltip, or explanatory guidance.","HIGH","","","この拠点に資源が存在し得るかを示します。","Tracker-authored"
"help.producing","Shows whether this outpost is currently set to produce the resource or product.","Contextual help, tooltip, or explanatory guidance.","HIGH","","","この拠点が現在、その資源または製造品を生産する設定になっているかを示します。","Tracker-authored"
"help.validation","Errors identify invalid states, warnings identify incomplete or inconsistent states, and info highlights useful follow-up items.","Contextual help, tooltip, or explanatory guidance.","HIGH","","","エラーは無効な状態、警告は不完全または不整合な状態、情報は有用なフォローアップ項目を示します。","Tracker-authored"
"history.addBiome","Add biome selection for {outpost}","Relocalizable Undo/Redo action description.","MEDIUM","","outpost","{outpost}にバイオーム選択を追加","Tracker-authored"
"history.addCargoPad","Add {outpost} / {pad}","Relocalizable Undo/Redo action description.","MEDIUM","","outpost; pad","{outpost} / {pad}を追加","Tracker-authored"
"history.addExplicitResource","Add explicit resource {resource} to {outpost}","Relocalizable Undo/Redo action description.","MEDIUM","","outpost; resource","{outpost}に明示的な資源{resource}を追加","Tracker-authored"
"history.addExport","Add export {item} to {outpost} / {pad}","Relocalizable Undo/Redo action description.","MEDIUM","","item; outpost; pad","{item}の搬出を{outpost} / {pad}に追加","Tracker-authored"
"history.addLocalResource","Add local resource {resource} to {outpost}","Relocalizable Undo/Redo action description.","MEDIUM","","outpost; resource","{outpost}に現地資源{resource}を追加","Tracker-authored"
"history.addNetwork","Add network","Relocalizable Undo/Redo action description.","MEDIUM","","","ネットワークを追加","Tracker-authored"
"history.addOutpost","Add outpost","Relocalizable Undo/Redo action description.","MEDIUM","","","拠点を追加","Tracker-authored"
"history.addPlannedSupply","Add Planned Supply {item}","Relocalizable Undo/Redo action description.","MEDIUM","","item","{item}を供給予定に追加","Tracker-authored"
"history.benchmark","{label}","Relocalizable Undo/Redo action description.","MEDIUM","","label","{label}","Tracker-authored"
"history.changeBody","Change {outpost} body to {body}","Relocalizable Undo/Redo action description.","MEDIUM","","body; outpost","{outpost}の天体を{body}に変更","Tracker-authored"
"history.changeCargoLink","Change link for {localOutpost} / {localPad} to {remoteOutpost} / {remotePad}","Relocalizable Undo/Redo action description.","MEDIUM","","localOutpost; localPad; remoteOutpost; remotePad","{localOutpost} / {localPad}の接続先を{remoteOutpost} / {remotePad}に変更","Tracker-authored"
"history.changeCargoPadType","Change {outpost} / {pad} to {type}","Relocalizable Undo/Redo action description.","MEDIUM","","outpost; pad; type","{outpost} / {pad}を{type}に変更","Tracker-authored"
"history.changeCharacterLevel","Change character level from {previousLevel} to {level}","Relocalizable Undo/Redo action description.","MEDIUM","","level; previousLevel","キャラクターレベルを{previousLevel}から{level}に変更","Tracker-authored"
"history.changeSkill","Change {skill} from {previousRank} to {rank}","Relocalizable Undo/Redo action description.","MEDIUM","","previousRank; rank; skill","{skill}をランク{previousRank}から{rank}に変更","Tracker-authored"
"history.changeSystem","Change {outpost} system to {system}","Relocalizable Undo/Redo action description.","MEDIUM","","outpost; system","{outpost}の星系を{system}に変更","Tracker-authored"
"history.clearBody","Clear body for {outpost}","Relocalizable Undo/Redo action description.","MEDIUM","","outpost","{outpost}の天体を消去","Tracker-authored"
"history.clearCharacterLevel","Clear character level","Relocalizable Undo/Redo action description.","MEDIUM","","","キャラクターレベルを消去","Tracker-authored"
"history.clearSkill","Clear {skill}","Relocalizable Undo/Redo action description.","MEDIUM","","skill","{skill}を消去","Tracker-authored"
"history.clearSystem","Clear system for {outpost}","Relocalizable Undo/Redo action description.","MEDIUM","","outpost","{outpost}の星系を消去","Tracker-authored"
"history.deleteCargoPad","Delete {outpost} / {pad}","Relocalizable Undo/Redo action description.","MEDIUM","","outpost; pad","{outpost} / {pad}を削除","Tracker-authored"
"history.deleteNetwork","Delete network","Relocalizable Undo/Redo action description.","MEDIUM","","","ネットワークを削除","Tracker-authored"
"history.deleteOutpost","Delete outpost {outpost}","Relocalizable Undo/Redo action description.","MEDIUM","","outpost","拠点{outpost}を削除","Tracker-authored"
"history.editManufacturing","Edit manufacturing at {outpost}","Relocalizable Undo/Redo action description.","MEDIUM","","outpost","{outpost}の製造を編集","Tracker-authored"
"history.importNetworks","Import networks","Relocalizable Undo/Redo action description.","MEDIUM","","","ネットワークをインポート","Tracker-authored"
"history.linkCargoPad","Link {localOutpost} / {localPad} to {remoteOutpost} / {remotePad}","Relocalizable Undo/Redo action description.","MEDIUM","","localOutpost; localPad; remoteOutpost; remotePad","{localOutpost} / {localPad}を{remoteOutpost} / {remotePad}に接続","Tracker-authored"
"history.moveCargoPad","Move {outpost} / {pad} to position {position}","Relocalizable Undo/Redo action description.","MEDIUM","","outpost; pad; position","{outpost} / {pad}を{position}番目に移動","Tracker-authored"
"history.moveOutpost","Move {outpost} to position {position}","Relocalizable Undo/Redo action description.","MEDIUM","","outpost; position","{outpost}を{position}番目に移動","Tracker-authored"
"history.networkContext","Network {ordinal}: {action}","Relocalizable Undo/Redo action description.","MEDIUM","","action; ordinal","ネットワーク{ordinal}：{action}","Tracker-authored"
"history.redo","Redo","Relocalizable Undo/Redo action description.","MEDIUM","","","やり直す","Tracker-authored"
"history.redo.action","Redo: {action}","Relocalizable Undo/Redo action description.","MEDIUM","","action","やり直す：{action}","Tracker-authored"
"history.redo.none","Nothing to redo","Relocalizable Undo/Redo action description.","MEDIUM","","","やり直せる操作はありません","Tracker-authored"
"history.removeBiome","Remove biome selection for {outpost}","Relocalizable Undo/Redo action description.","MEDIUM","","outpost","{outpost}のバイオーム選択を解除","Tracker-authored"
"history.removeExplicitResource","Remove explicit resource {resource} from {outpost}","Relocalizable Undo/Redo action description.","MEDIUM","","outpost; resource","{outpost}から明示的な資源{resource}を削除","Tracker-authored"
"history.removeExport","Remove export {item} from {outpost} / {pad}","Relocalizable Undo/Redo action description.","MEDIUM","","item; outpost; pad","{outpost} / {pad}から{item}の搬出を削除","Tracker-authored"
"history.removeLocalResource","Remove local resource {resource} from {outpost}","Relocalizable Undo/Redo action description.","MEDIUM","","outpost; resource","{outpost}から現地資源{resource}を削除","Tracker-authored"
"history.removePlannedSupply","Remove Planned Supply {item}","Relocalizable Undo/Redo action description.","MEDIUM","","item","{item}を供給予定から削除","Tracker-authored"
"history.renameCharacter","Rename character {previousName} to {name}","Relocalizable Undo/Redo action description.","MEDIUM","","name; previousName","キャラクター名を{previousName}から{name}に変更","Tracker-authored"
"history.renameOutpost","Rename outpost {previousName} to {name}","Relocalizable Undo/Redo action description.","MEDIUM","","name; previousName","拠点名を{previousName}から{name}に変更","Tracker-authored"
"history.resetNetwork","Reset network","Relocalizable Undo/Redo action description.","MEDIUM","","","ネットワークをリセット","Tracker-authored"
"history.setCharacterLevel","Set character level to {level}","Relocalizable Undo/Redo action description.","MEDIUM","","level","キャラクターレベルを{level}に設定","Tracker-authored"
"history.setSkill","Set {skill} to {rank}","Relocalizable Undo/Redo action description.","MEDIUM","","rank; skill","{skill}をランク{rank}に設定","Tracker-authored"
"history.startProducing","Start producing {resource} at {outpost}","Relocalizable Undo/Redo action description.","MEDIUM","","outpost; resource","{outpost}で{resource}の生産を開始","Tracker-authored"
"history.stopProducing","Stop producing {resource} at {outpost}","Relocalizable Undo/Redo action description.","MEDIUM","","outpost; resource","{outpost}で{resource}の生産を停止","Tracker-authored"
"history.undo","Undo","Relocalizable Undo/Redo action description.","MEDIUM","","","元に戻す","Tracker-authored"
"history.undo.action","Undo: {action}","Relocalizable Undo/Redo action description.","MEDIUM","","action","元に戻す：{action}","Tracker-authored"
"history.undo.none","Nothing to undo","Relocalizable Undo/Redo action description.","MEDIUM","","","元に戻せる操作はありません","Tracker-authored"
"history.unlinkCargoPad","Unlink {outpost} / {pad}","Relocalizable Undo/Redo action description.","MEDIUM","","outpost; pad","{outpost} / {pad}の接続を解除","Tracker-authored"
"locale.selector.automatic","Automatic ({locale})","Language selector and effective-locale presentation.","LOW","","locale","自動（{locale}）","Tracker-authored"
"locale.selector.current","Language and region: {locale}","Language selector and effective-locale presentation.","LOW","","locale","言語と地域：{locale}","Tracker-authored"
"locale.selector.label","Language and region","Language selector and effective-locale presentation.","LOW","","","言語と地域","Tracker-authored"
"matrix.action.toggle","{action} {item}","Resource Matrix label, action, state, or tooltip.","MEDIUM","","action; item","{item}を{action}","Tracker-authored"
"matrix.action.togglePresent","Toggle Present for {item}","Resource Matrix label, action, state, or tooltip.","MEDIUM","","item","{item}の存在状態を切り替え","Tracker-authored"
"matrix.action.toggleProducing","Toggle Producing for {item}","Resource Matrix label, action, state, or tooltip.","MEDIUM","","item","{item}の生産状態を切り替え","Tracker-authored"
"matrix.action.toggleProducingSource","Toggle Producing from {source} for {item}","Resource Matrix label, action, state, or tooltip.","MEDIUM","","item; source","{item}の{source}による生産を切り替え","Tracker-authored"
"matrix.action.xTech.add","Add {resource} as present","Resource Matrix label, action, state, or tooltip.","MEDIUM","","resource","{resource}を存在する資源として追加","Tracker-authored"
"matrix.column.inputs","Inputs","Resource Matrix label, action, state, or tooltip.","MEDIUM","","","必要素材","Tracker-authored"
"matrix.column.item","Item","Resource Matrix label, action, state, or tooltip.","MEDIUM","","","項目","Tracker-authored"
"matrix.column.logistics","Logistics","Resource Matrix label, action, state, or tooltip.","MEDIUM","","","物流","Tracker-authored"
"matrix.column.present","Present","Resource Matrix label, action, state, or tooltip.","MEDIUM","","","存在","Tracker-authored"
"matrix.column.producing","Producing","Resource Matrix label, action, state, or tooltip.","MEDIUM","","","生産中","Tracker-authored"
"matrix.column.source","Source","Resource Matrix label, action, state, or tooltip.","MEDIUM","","","供給源","Tracker-authored"
"matrix.heading","Resource Matrix","Resource Matrix label, action, state, or tooltip.","MEDIUM","","","資源マトリックス","Tracker-authored"
"matrix.imports.empty","No imports.","Resource Matrix label, action, state, or tooltip.","MEDIUM","","","搬入はありません。","Tracker-authored"
"matrix.manufacturing.add","Add manufactured product","Resource Matrix label, action, state, or tooltip.","MEDIUM","","","製造品を追加","Tracker-authored"
"matrix.manufacturing.addLabel","Add product","Resource Matrix label, action, state, or tooltip.","MEDIUM","","","製造品を追加","Tracker-authored"
"matrix.manufacturing.empty","No manufacturing recorded.","Resource Matrix label, action, state, or tooltip.","MEDIUM","","","製造の記録はありません。","Tracker-authored"
"matrix.manufacturing.select","Select product...","Resource Matrix label, action, state, or tooltip.","MEDIUM","","","製造品を選択...","Tracker-authored"
"matrix.section.imports","Imports","Resource Matrix label, action, state, or tooltip.","MEDIUM","","","搬入","Tracker-authored"
"matrix.section.inorganic","Inorganic","Resource Matrix label, action, state, or tooltip.","MEDIUM","","","無機","Tracker-authored"
"matrix.section.manufacturing","Manufacturing","Resource Matrix label, action, state, or tooltip.","MEDIUM","","","製造","Tracker-authored"
"matrix.section.organic","Organic","Resource Matrix label, action, state, or tooltip.","MEDIUM","","","有機","Tracker-authored"
"matrix.source.unspecified","Unspecified","Resource Matrix label, action, state, or tooltip.","MEDIUM","","","未指定","Tracker-authored"
"matrix.state.active","{item}: active","Resource Matrix label, action, state, or tooltip.","MEDIUM","","item","{item}：有効","Tracker-authored"
"matrix.state.inactive","{item}: inactive","Resource Matrix label, action, state, or tooltip.","MEDIUM","","item","{item}：無効","Tracker-authored"
"matrix.tooltip.export.active","{item} is being exported to {destinations}.","Resource Matrix label, action, state, or tooltip.","MEDIUM","","destinations; item","{item}は{destinations}に搬出中です。","Tracker-authored"
"matrix.tooltip.export.inactive","{item} is not being exported.","Resource Matrix label, action, state, or tooltip.","MEDIUM","","item","{item}は搬出されていません。","Tracker-authored"
"matrix.tooltip.import.active","{item} is being imported.","Resource Matrix label, action, state, or tooltip.","MEDIUM","","item","{item}は搬入中です。","Tracker-authored"
"matrix.tooltip.input.available","{item} is available at this outpost.","Resource Matrix label, action, state, or tooltip.","MEDIUM","","item","{item}はこの拠点で利用できます。","Tracker-authored"
"matrix.tooltip.input.unavailable","{item} is not available at this outpost.","Resource Matrix label, action, state, or tooltip.","MEDIUM","","item","{item}はこの拠点で利用できません。","Tracker-authored"
"matrix.tooltip.manufacturing.blocked","{item} is not being produced at this outpost due to missing inputs.","Resource Matrix label, action, state, or tooltip.","MEDIUM","","item","{item}は入力不足のため、この拠点で生産されていません。","Tracker-authored"
"matrix.tooltip.producing.active","{item} is being produced at this outpost.","Resource Matrix label, action, state, or tooltip.","MEDIUM","","item","{item}はこの拠点で生産中です。","Tracker-authored"
"matrix.tooltip.producing.inactive","{item} is not being produced at this outpost.","Resource Matrix label, action, state, or tooltip.","MEDIUM","","item","{item}はこの拠点で生産されていません。","Tracker-authored"
"matrix.tooltip.xTech.add","Add {resource} as present. It can be extracted at any outpost if X-Tech Power Cores are available.","Resource Matrix label, action, state, or tooltip.","MEDIUM","","resource","{resource}を存在する資源として追加します。X-テックパワーコアが利用できれば、どの拠点でも抽出できます。","Tracker-authored"
"matrix.tooltip.xTech.present","{resource} has been explicitly recorded as present at this outpost.","Resource Matrix label, action, state, or tooltip.","MEDIUM","","resource","{resource}はこの拠点に存在すると明示的に記録されています。","Tracker-authored"
"network.active","Active network","Network navigation, creation, reset, or deletion UI.","LOW","","","使用中のネットワーク","Tracker-authored"
"network.add","Add Network","Network navigation, creation, reset, or deletion UI.","LOW","","","ネットワークを追加","Tracker-authored"
"network.delete.button","Delete Network","Network navigation, creation, reset, or deletion UI.","LOW","","","ネットワークを削除","Tracker-authored"
"network.delete.confirmTitle","DELETE NETWORK","Network navigation, creation, reset, or deletion UI.","LOW","","","ネットワークの削除","Tracker-authored"
"network.delete.explanation","Remove the current network from this collection?","Network navigation, creation, reset, or deletion UI.","HIGH","","","現在のネットワークをこのコレクションから削除しますか？","Tracker-authored"
"network.delete.undoHint","You can undo this action during the current session.","Network navigation, creation, reset, or deletion UI.","HIGH","","","この操作は現在のセッション中なら元に戻せます。","Tracker-authored"
"network.label","NETWORK","Network navigation, creation, reset, or deletion UI.","LOW","","","ネットワーク","Tracker-authored"
"network.next","Next Network","Network navigation, creation, reset, or deletion UI.","LOW","","","次のネットワーク","Tracker-authored"
"network.previous","Previous Network","Network navigation, creation, reset, or deletion UI.","LOW","","","前のネットワーク","Tracker-authored"
"network.reset.button","Reset Network","Network navigation, creation, reset, or deletion UI.","LOW","","","ネットワークをリセット","Tracker-authored"
"network.reset.confirmTitle","RESET NETWORK","Network navigation, creation, reset, or deletion UI.","LOW","","","ネットワークのリセット","Tracker-authored"
"network.reset.explanation","Reset the current network to a fresh default state?","Network navigation, creation, reset, or deletion UI.","HIGH","","","現在のネットワークを初期状態にリセットしますか？","Tracker-authored"
"outpost.biomes.label","Biomes","Outpost navigation or details UI.","LOW","","","バイオーム","Tracker-authored"
"outpost.body.label","Body","Outpost navigation or details UI.","LOW","","","天体","Tracker-authored"
"outpost.body.select","Select body...","Outpost navigation or details UI.","LOW","","","天体を選択...","Tracker-authored"
"outpost.defaultName","New Outpost","Outpost navigation or details UI.","LOW","","","新しい拠点","Tracker-authored"
"outpost.delete","Delete Outpost","Outpost navigation or details UI.","LOW","","","拠点を削除","Tracker-authored"
"outpost.name.label","Outpost name","Outpost navigation or details UI.","LOW","","","拠点名","Tracker-authored"
"outpost.navigation.add","Add outpost","Outpost navigation or details UI.","MEDIUM","","","拠点を追加","Tracker-authored"
"outpost.navigation.addButton","+ Add Outpost","Outpost navigation or details UI.","MEDIUM","","","＋ 拠点を追加","Tracker-authored"
"outpost.navigation.addWithLimit","Add outpost ({count} of {limit})","Outpost navigation or details UI.","MEDIUM","","count; limit","拠点を追加（{count}/{limit}）","Tracker-authored"
"outpost.navigation.finishReshuffle","Finish reshuffling outposts","Outpost navigation or details UI.","MEDIUM","","","拠点の並べ替えを完了","Tracker-authored"
"outpost.navigation.heading","Outposts","Outpost navigation or details UI.","MEDIUM","","","拠点","Tracker-authored"
"outpost.navigation.hide","Hide outpost navigation","Outpost navigation or details UI.","MEDIUM","","","拠点ナビゲーションを非表示","Tracker-authored"
"outpost.navigation.lockOrder","Lock order","Outpost navigation or details UI.","MEDIUM","","","順序を固定","Tracker-authored"
"outpost.navigation.reshuffle","Reshuffle outposts","Outpost navigation or details UI.","MEDIUM","","","拠点を並べ替え","Tracker-authored"
"outpost.navigation.reshuffleButton","Reshuffle","Outpost navigation or details UI.","MEDIUM","","","並べ替え","Tracker-authored"
"outpost.navigation.show","Show outpost navigation","Outpost navigation or details UI.","MEDIUM","","","拠点ナビゲーションを表示","Tracker-authored"
"outpost.referenceData.empty","No resource reference data found for this body.","Outpost navigation or details UI.","LOW","","","この天体の資源参照データがありません。","Tracker-authored"
"outpost.solar.label","Solar","Outpost navigation or details UI.","LOW","","","太陽光","Tracker-authored"
"outpost.system.label","System","Outpost navigation or details UI.","LOW","","","星系","Tracker-authored"
"outpost.system.select","Select system...","Outpost navigation or details UI.","LOW","","","星系を選択...","Tracker-authored"
"outpost.wind.label","Wind","Outpost navigation or details UI.","LOW","","","風力","Tracker-authored"
"plannedSupply.add","Add {item} to Planned Supply","Planned Supply planning UI; virtual supply, not inventory.","MEDIUM","","item","{item}を供給予定に追加","Tracker-authored"
"plannedSupply.addItems","Add items to Planned Supply","Planned Supply planning UI; virtual supply, not inventory.","MEDIUM","","","供給予定に項目を追加","Tracker-authored"
"plannedSupply.collapse","Collapse Planned Supply","Planned Supply planning UI; virtual supply, not inventory.","MEDIUM","","","供給予定を折りたたむ","Tracker-authored"
"plannedSupply.empty","No planned supply.","Planned Supply planning UI; virtual supply, not inventory.","MEDIUM","","","供給予定はありません。","Tracker-authored"
"plannedSupply.expand","Expand Planned Supply","Planned Supply planning UI; virtual supply, not inventory.","MEDIUM","","","供給予定を展開","Tracker-authored"
"plannedSupply.heading","Planned Supply","Planned Supply planning UI; virtual supply, not inventory.","HIGH","","","供給予定","Tracker-authored"
"plannedSupply.remove","Remove {item} from Planned Supply","Planned Supply planning UI; virtual supply, not inventory.","MEDIUM","","item","{item}を供給予定から削除","Tracker-authored"
"plannedSupply.removeAll","Remove all Planned Supply","Planned Supply planning UI; virtual supply, not inventory.","MEDIUM","","","供給予定をすべて削除","Tracker-authored"
"plannedSupply.section.inorganic","Inorganic Resources","Planned Supply planning UI; virtual supply, not inventory.","MEDIUM","","","無機資源","Tracker-authored"
"plannedSupply.section.organic","Organic Resources","Planned Supply planning UI; virtual supply, not inventory.","MEDIUM","","","有機資源","Tracker-authored"
"plannedSupply.section.products","Manufactured Products","Planned Supply planning UI; virtual supply, not inventory.","MEDIUM","","","製造品","Tracker-authored"
"power.label.good","Good","Power quality label or explanatory tooltip.","MEDIUM","","","良好","Tracker-authored"
"power.label.none","None","Power quality label or explanatory tooltip.","MEDIUM","","","なし","Tracker-authored"
"power.label.normal","Norm.","Power quality label or explanatory tooltip.","MEDIUM","","","標準","Tracker-authored"
"power.label.poor","Poor","Power quality label or explanatory tooltip.","MEDIUM","","","低","Tracker-authored"
"power.label.unknown","—","Power quality label or explanatory tooltip.","MEDIUM","","","—","Tracker-authored"
"power.label.veryPoor","V.Poor","Power quality label or explanatory tooltip.","MEDIUM","","","極低","Tracker-authored"
"power.quality.good","Good","Power quality label or explanatory tooltip.","MEDIUM","","","良好","Tracker-authored"
"power.quality.none","None","Power quality label or explanatory tooltip.","MEDIUM","","","なし","Tracker-authored"
"power.quality.normal","Normal","Power quality label or explanatory tooltip.","MEDIUM","","","標準","Tracker-authored"
"power.quality.poor","Poor","Power quality label or explanatory tooltip.","MEDIUM","","","低い","Tracker-authored"
"power.quality.unknown","Unknown","Power quality label or explanatory tooltip.","MEDIUM","","","不明","Tracker-authored"
"power.quality.veryPoor","Very Poor","Power quality label or explanatory tooltip.","MEDIUM","","","非常に低い","Tracker-authored"
"power.tooltip.modified","{source}: {quality} · {multiplier}× output ({modifier})","Power quality label or explanatory tooltip.","MEDIUM","","modifier; multiplier; quality; source","{source}：{quality} · 出力{multiplier}倍（{modifier}）","Tracker-authored"
"power.tooltip.noModifier","{source}: {quality} · {multiplier}× output (no modifier)","Power quality label or explanatory tooltip.","MEDIUM","","multiplier; quality; source","{source}：{quality} · 出力{multiplier}倍（補正なし）","Tracker-authored"
"power.tooltip.unknown","{source}: {quality}","Power quality label or explanatory tooltip.","MEDIUM","","quality; source","{source}：{quality}","Tracker-authored"
"production.empty","No local resources have been selected.","Active Production section.","LOW","","","現地資源が選択されていません。","Tracker-authored"
"production.heading","Active Production","Active Production section.","LOW","","","稼働中の生産","Tracker-authored"
"search.autocomplete.product","Product","Item search control, result, state flag, or accessibility instruction.","MEDIUM","","","製造品","Tracker-authored"
"search.autocomplete.resource","Resource","Item search control, result, state flag, or accessibility instruction.","MEDIUM","","","資源","Tracker-authored"
"search.input.description","Type an item name or abbreviation, then confirm the item to search.","Item search control, result, state flag, or accessibility instruction.","MEDIUM","","","項目の名前または略称を入力し、項目を確定して検索します。","Tracker-authored"
"search.input.label","Search for resources or products in your outposts.","Item search control, result, state flag, or accessibility instruction.","MEDIUM","","","拠点の資源または製造品を検索します。","Tracker-authored"
"search.input.placeholder","Search resources or products","Item search control, result, state flag, or accessibility instruction.","MEDIUM","","","資源または製造品を検索","Tracker-authored"
"search.results.close","Close Search Results","Item search control, result, state flag, or accessibility instruction.","MEDIUM","","","検索結果を閉じる","Tracker-authored"
"search.results.dragInstructions","Move Search Results with the arrow keys. Hold Shift for larger steps.","Item search control, result, state flag, or accessibility instruction.","HIGH","Shift","","矢印キーで検索結果を移動できます。Shiftを押しながら操作すると大きく移動します。","Tracker-authored"
"search.results.flag.exporting","Exporting","Item search control, result, state flag, or accessibility instruction.","MEDIUM","","","搬出中","Tracker-authored"
"search.results.flag.importing","Importing","Item search control, result, state flag, or accessibility instruction.","MEDIUM","","","搬入中","Tracker-authored"
"search.results.flag.missingInputs","Missing Inputs","Item search control, result, state flag, or accessibility instruction.","MEDIUM","","","入力不足","Tracker-authored"
"search.results.flag.plannedSupply","Planned Supply","Item search control, result, state flag, or accessibility instruction.","MEDIUM","","","供給予定","Tracker-authored"
"search.results.flag.present","Present","Item search control, result, state flag, or accessibility instruction.","MEDIUM","","","存在","Tracker-authored"
"search.results.flag.producing","Producing","Item search control, result, state flag, or accessibility instruction.","MEDIUM","","","生産中","Tracker-authored"
"search.results.found","{searchItem} was found at {count} {count, plural, one {outpost} other {outposts}}.","Item search control, result, state flag, or accessibility instruction.","MEDIUM","","count; searchItem","{searchItem}が{count}個の拠点で見つかりました。","Tracker-authored"
"search.results.notFound","{searchItem} was not found at any outpost.","Item search control, result, state flag, or accessibility instruction.","MEDIUM","","searchItem","{searchItem}はどの拠点にも見つかりませんでした。","Tracker-authored"
"search.results.title","Search Results","Item search control, result, state flag, or accessibility instruction.","MEDIUM","","","検索結果","Tracker-authored"
"search.submit","Search for item","Item search control, result, state flag, or accessibility instruction.","MEDIUM","","","項目を検索","Tracker-authored"
"status.dismiss","Dismiss status message","Status bar, import/export feedback, or reference-data feedback.","MEDIUM","","","ステータスメッセージを閉じる","Tracker-authored"
"status.dismiss.short","Dismiss","Status bar, import/export feedback, or reference-data feedback.","MEDIUM","","","閉じる","Tracker-authored"
"status.drag.reorder","Drop to reorder · Esc to cancel","Status bar, import/export feedback, or reference-data feedback.","MEDIUM","Esc","","ドロップして並べ替え · Escでキャンセル","Tracker-authored"
"status.export.success","Exported {fileName}.","Status bar, import/export feedback, or reference-data feedback.","MEDIUM","","fileName","{fileName}をエクスポートしました。","Tracker-authored"
"status.import.duplicateNetworkId","The selected collection contains duplicate network ID ""{id}"".","Status bar, import/export feedback, or reference-data feedback.","MEDIUM","ID","id","選択したコレクションに重複するネットワークID「{id}」が含まれています。","Tracker-authored"
"status.import.emptyCollection","The selected collection does not contain any networks.","Status bar, import/export feedback, or reference-data feedback.","MEDIUM","","","選択したコレクションにはネットワークが含まれていません。","Tracker-authored"
"status.import.failed","Import failed for {fileName}: {reason}","Status bar, import/export feedback, or reference-data feedback.","MEDIUM","","fileName; reason","{fileName}のインポートに失敗しました：{reason}","Tracker-authored"
"status.import.invalid","The selected file could not be imported.","Status bar, import/export feedback, or reference-data feedback.","MEDIUM","","","選択したファイルをインポートできませんでした。","Tracker-authored"
"status.import.invalidCapabilities","The selected file contains invalid character capability data.","Status bar, import/export feedback, or reference-data feedback.","MEDIUM","","","選択したファイルに無効なキャラクター能力データが含まれています。","Tracker-authored"
"status.import.invalidCargoPad","The selected file contains an invalid cargo link.","Status bar, import/export feedback, or reference-data feedback.","MEDIUM","","","選択したファイルに無効な貨物リンクが含まれています。","Tracker-authored"
"status.import.invalidCharacter","The selected file contains invalid character data.","Status bar, import/export feedback, or reference-data feedback.","MEDIUM","","","選択したファイルに無効なキャラクターデータが含まれています。","Tracker-authored"
"status.import.invalidCollection","The selected file is not a valid network collection.","Status bar, import/export feedback, or reference-data feedback.","MEDIUM","","","選択したファイルは有効なネットワークコレクションではありません。","Tracker-authored"
"status.import.invalidExplicitPresence","The selected file contains invalid explicit resource presence data.","Status bar, import/export feedback, or reference-data feedback.","MEDIUM","","","選択したファイルに無効な明示的資源存在データが含まれています。","Tracker-authored"
"status.import.invalidJson","The selected file does not contain valid JSON.","Status bar, import/export feedback, or reference-data feedback.","MEDIUM","JSON","","選択したファイルに有効なJSONが含まれていません。","Tracker-authored"
"status.import.invalidNetwork","The selected file is not a valid outpost network.","Status bar, import/export feedback, or reference-data feedback.","MEDIUM","","","選択したファイルは有効な拠点ネットワークではありません。","Tracker-authored"
"status.import.invalidOutpost","The selected file contains an invalid outpost.","Status bar, import/export feedback, or reference-data feedback.","MEDIUM","","","選択したファイルに無効な拠点が含まれています。","Tracker-authored"
"status.import.invalidSkills","The selected file contains invalid character skill data.","Status bar, import/export feedback, or reference-data feedback.","MEDIUM","","","選択したファイルに無効なキャラクタースキルデータが含まれています。","Tracker-authored"
"status.import.malformedEntry","The selected collection contains a malformed network entry.","Status bar, import/export feedback, or reference-data feedback.","MEDIUM","","","選択したコレクションに形式が不正なネットワーク項目が含まれています。","Tracker-authored"
"status.import.readFailed","The selected file could not be read.","Status bar, import/export feedback, or reference-data feedback.","MEDIUM","","","選択したファイルを読み込めませんでした。","Tracker-authored"
"status.import.success","Imported {fileName}.","Status bar, import/export feedback, or reference-data feedback.","MEDIUM","","fileName","{fileName}をインポートしました。","Tracker-authored"
"status.import.unsupportedCollectionSchema","Unsupported network collection schema version: {version}","Status bar, import/export feedback, or reference-data feedback.","MEDIUM","","version","サポートされていないネットワークコレクションのスキーマバージョンです：{version}","Tracker-authored"
"status.import.unsupportedNetworkSchema","Unsupported network schema version: {version}","Status bar, import/export feedback, or reference-data feedback.","MEDIUM","","version","サポートされていないネットワークのスキーマバージョンです：{version}","Tracker-authored"
"status.referenceData.error","Reference data error: {detail}","Status bar, import/export feedback, or reference-data feedback.","MEDIUM","","detail","参照データエラー：{detail}","Tracker-authored"
"status.referenceData.failed","Failed to load reference data.","Status bar, import/export feedback, or reference-data feedback.","MEDIUM","","","参照データの読み込みに失敗しました。","Tracker-authored"
"status.referenceData.loaded","Reference data loaded: {systems} systems, {bodies} bodies, {resources} resources, {products} products.","Status bar, import/export feedback, or reference-data feedback.","MEDIUM","","bodies; products; resources; systems","参照データを読み込みました：星系{systems}件、天体{bodies}件、資源{resources}件、製造品{products}件。","Tracker-authored"
"status.referenceData.reload","Reload Reference Data","Status bar, import/export feedback, or reference-data feedback.","MEDIUM","","","参照データを再読み込み","Tracker-authored"
"transfer.export.button","Export","Whole-collection JSON import/export control.","MEDIUM","","","エクスポート","Tracker-authored"
"transfer.export.tooltip","Export all networks to JSON","Whole-collection JSON import/export control.","MEDIUM","JSON","","すべてのネットワークをJSONにエクスポート","Tracker-authored"
"transfer.import.button","Import","Whole-collection JSON import/export control.","MEDIUM","","","インポート","Tracker-authored"
"transfer.import.tooltip","Import all networks from JSON","Whole-collection JSON import/export control.","MEDIUM","JSON","","JSONからすべてのネットワークをインポート","Tracker-authored"
"validation.activeProductionInorganicInvalid","{resource} is marked as produced, but is not available for outpost extraction in {biomes}.","Validation severity, diagnostic, context, or remediation.","HIGH","","biomes; resource","{resource}は生産中ですが、{biomes}では拠点で抽出できません。","Tracker-authored"
"validation.activeProductionInorganicInvalidMany","{resource} is marked as produced, but is not available for outpost extraction in {biomes} biomes.","Validation severity, diagnostic, context, or remediation.","HIGH","","biomes; resource","{resource}は生産中ですが、バイオーム{biomes}では拠点で抽出できません。","Tracker-authored"
"validation.activeProductionInorganicInvalidOne","{resource} is marked as produced, but is not available for outpost extraction in {biomes} biome.","Validation severity, diagnostic, context, or remediation.","HIGH","","biomes; resource","{resource}は生産中ですが、バイオーム{biomes}では拠点で抽出できません。","Tracker-authored"
"validation.activeProductionOrganicInvalid","{resource} is marked as produced, but is not available for outpost harvesting in {biomes}.","Validation severity, diagnostic, context, or remediation.","HIGH","","biomes; resource","{resource}は生産中ですが、{biomes}では拠点で採集できません。","Tracker-authored"
"validation.activeProductionOrganicInvalidMany","{resource} is marked as produced, but is not available for outpost harvesting in {biomes} biomes.","Validation severity, diagnostic, context, or remediation.","HIGH","","biomes; resource","{resource}は生産中ですが、バイオーム{biomes}では拠点で採集できません。","Tracker-authored"
"validation.activeProductionOrganicInvalidOne","{resource} is marked as produced, but is not available for outpost harvesting in {biomes} biome.","Validation severity, diagnostic, context, or remediation.","HIGH","","biomes; resource","{resource}は生産中ですが、バイオーム{biomes}では拠点で採集できません。","Tracker-authored"
"validation.bodySystemMismatch","This outpost's selected planetary body does not belong to its selected star system.","Validation severity, diagnostic, context, or remediation.","HIGH","","","この拠点で選択された天体は、選択された星系に属していません。","Tracker-authored"
"validation.cargoPadLinkedMultiple","This Cargo Link has more than one connection.","Validation severity, diagnostic, context, or remediation.","HIGH","","","この貨物リンクには複数の接続が設定されています。","Tracker-authored"
"validation.cargoPadSkillLimit","This outpost has {count} cargo links, but the current {skill} level allows a maximum of {limit}.","Validation severity, diagnostic, context, or remediation.","HIGH","","count; limit; skill","この拠点の貨物リンク数は{count}ですが、現在の{skill}レベルでは最大{limit}です。","Tracker-authored"
"validation.close","Close validation details","Validation severity, diagnostic, context, or remediation.","HIGH","","","検証の詳細を閉じる","Tracker-authored"
"validation.context.pad","Cargo Link {ordinal}","Validation severity, diagnostic, context, or remediation.","HIGH","","ordinal","貨物リンク{ordinal}","Tracker-authored"
"validation.context.separator","{outpost} · {pad}","Validation severity, diagnostic, context, or remediation.","HIGH","","outpost; pad","{outpost} · {pad}","Tracker-authored"
"validation.counts","{errors} errors · {warnings} warnings · {info} info","Validation severity, diagnostic, context, or remediation.","HIGH","","errors; info; warnings","エラー{errors}件 · 警告{warnings}件 · 情報{info}件","Tracker-authored"
"validation.duplicateActiveProduction","{item} appears more than once in this outpost's active production.","Validation severity, diagnostic, context, or remediation.","HIGH","","item","{item}がこの拠点の稼働中の生産に複数回含まれています。","Tracker-authored"
"validation.duplicateBiome","{item} appears more than once in this outpost's biome selection.","Validation severity, diagnostic, context, or remediation.","HIGH","","item","{item}がこの拠点のバイオーム選択に複数回含まれています。","Tracker-authored"
"validation.duplicateExplicitPresence","{item} appears more than once in this outpost's explicit resource presence.","Validation severity, diagnostic, context, or remediation.","HIGH","","item","{item}がこの拠点の明示的な資源存在記録に複数回含まれています。","Tracker-authored"
"validation.duplicateLocalResource","{item} appears more than once in this outpost's local resources.","Validation severity, diagnostic, context, or remediation.","HIGH","","item","{item}がこの拠点の現地資源に複数回含まれています。","Tracker-authored"
"validation.duplicateManufacturing","{item} appears more than once in this outpost's manufacturing list.","Validation severity, diagnostic, context, or remediation.","HIGH","","item","{item}がこの拠点の製造リストに複数回含まれています。","Tracker-authored"
"validation.duplicateOutboundItem","{item} appears more than once in this Cargo Link's outbound items.","Validation severity, diagnostic, context, or remediation.","HIGH","","item","{item}がこの貨物リンクの搬出項目に複数回含まれています。","Tracker-authored"
"validation.duplicateOutpostName","{count} outposts are named ""{name}"". Unique outpost names are recommended to avoid ambiguity.","Validation severity, diagnostic, context, or remediation.","HIGH","","count; name","{count}個の拠点が「{name}」という名前です。混乱を避けるため、拠点名は重複させないことを推奨します。","Tracker-authored"
"validation.duplicatePlannedSupply","{item} appears more than once in this outpost's Planned Supply.","Validation severity, diagnostic, context, or remediation.","HIGH","","item","{item}がこの拠点の供給予定に複数回含まれています。","Tracker-authored"
"validation.filter.all","All","Validation severity, diagnostic, context, or remediation.","HIGH","","","すべて","Tracker-authored"
"validation.filter.error","Errors","Validation severity, diagnostic, context, or remediation.","HIGH","","","エラー","Tracker-authored"
"validation.filter.info","Info","Validation severity, diagnostic, context, or remediation.","HIGH","","","情報","Tracker-authored"
"validation.filter.warning","Warnings","Validation severity, diagnostic, context, or remediation.","HIGH","","","警告","Tracker-authored"
"validation.heading","Validation","Validation severity, diagnostic, context, or remediation.","HIGH","","","検証","Tracker-authored"
"validation.interstellarHelium3","This Inter-System Cargo Link is sending cargo, but its outpost has no available Helium-3 supply.","Validation severity, diagnostic, context, or remediation.","HIGH","","","この星系間貨物リンクは貨物を発送していますが、拠点で利用できるHe-3の供給がありません。","Tracker-authored"
"validation.invalidCharacterLevel","Character level is {level}, but a recorded character level must be a whole number from {minimum} to {maximum}.","Validation severity, diagnostic, context, or remediation.","HIGH","","level; maximum; minimum","キャラクターレベルは{level}ですが、記録できるレベルは{minimum}から{maximum}までの整数です。","Tracker-authored"
"validation.invalidSkillLevel","{skill} has level {level}, but valid skill levels are integers {minimum} through {maximum}.","Validation severity, diagnostic, context, or remediation.","HIGH","","level; maximum; minimum; skill","{skill}のレベルは{level}ですが、有効なレベルは{minimum}から{maximum}までの整数です。","Tracker-authored"
"validation.issueCount","Validation: {count} {count, plural, one {issue} other {issues}}","Validation severity, diagnostic, context, or remediation.","HIGH","","count","検証：{count}件の問題","Tracker-authored"
"validation.manufacturingInputUnavailable","{product} requires {input}, but {input} is not available at this outpost.","Validation severity, diagnostic, context, or remediation.","HIGH","","input; product","{product}には{input}が必要ですが、この拠点では{input}を利用できません。","Tracker-authored"
"validation.missingCargoEndpoint","This cargo connection refers to a missing outpost or Cargo Link endpoint.","Validation severity, diagnostic, context, or remediation.","HIGH","","","この貨物接続が、存在しない拠点または接続先の貨物リンクを参照しています。","Tracker-authored"
"validation.none","No validation issues.","Validation severity, diagnostic, context, or remediation.","HIGH","","","検証上の問題はありません。","Tracker-authored"
"validation.open","Open validation details","Validation severity, diagnostic, context, or remediation.","HIGH","","","検証の詳細を開く","Tracker-authored"
"validation.organicInputUnavailable","{species} requires {input}, but {input} is not available at this outpost.","Validation severity, diagnostic, context, or remediation.","HIGH","","input; species","{species}には{input}が必要ですが、この拠点では{input}を利用できません。","Tracker-authored"
"validation.outpostBodyNotEligible","This outpost is located on a body that cannot host outposts.","Validation severity, diagnostic, context, or remediation.","HIGH","","","この拠点は、拠点を建設できない天体にあります。","Tracker-authored"
"validation.outpostNameLength","Starfield normally limits outpost names to 25 characters; longer modded names remain supported.","Validation severity, diagnostic, context, or remediation.","HIGH","","","スターフィールドでは通常、拠点名は25文字までです。MODによる長い名前も引き続き使用できます。","Tracker-authored"
"validation.outpostSkillLimit","This network has {count} outposts, but the current {skill} level allows a maximum of {limit}.","Validation severity, diagnostic, context, or remediation.","HIGH","","count; limit; skill","このネットワークには拠点が{count}個ありますが、現在の{skill}レベルでは最大{limit}個です。","Tracker-authored"
"validation.planetaryHabitationRequirement","This outpost requires {skill} rank {required}, but the recorded character rank is {recorded}.","Validation severity, diagnostic, context, or remediation.","HIGH","","recorded; required; skill","この拠点には{skill}ランク{required}が必要ですが、記録されたキャラクターのランクは{recorded}です。","Tracker-authored"
"validation.plannedSupplyUnresolved","{count} {count, plural, one {item} other {items}} in Planned Supply: {itemList}.","Validation severity, diagnostic, context, or remediation.","HIGH","","count; itemList","供給予定に{count}件の未解決項目があります：{itemList}。","Tracker-authored"
"validation.regularPadCrossSystem","This Cargo Link is connected to an outpost in another star system; use an Inter-System Cargo Link instead.","Validation severity, diagnostic, context, or remediation.","HIGH","","","この貨物リンクは別の星系の拠点に接続されています。代わりに星系間貨物リンクを使用してください。","Tracker-authored"
"validation.remediation.extraction","Available for extraction in: {biomes}","Validation severity, diagnostic, context, or remediation.","HIGH","","biomes","抽出可能：{biomes}","Tracker-authored"
"validation.remediation.harvesting","Available for harvesting in: {biomes}","Validation severity, diagnostic, context, or remediation.","HIGH","","biomes","採集可能：{biomes}","Tracker-authored"
"validation.remediation.organicSources","Available from: {sources}","Validation severity, diagnostic, context, or remediation.","HIGH","","sources","利用可能な供給源：{sources}","Tracker-authored"
"validation.selectedBiomeInvalid","This selected biome belongs to a different planetary body.","Validation severity, diagnostic, context, or remediation.","HIGH","","","選択されたバイオームは別の天体に属しています。","Tracker-authored"
"validation.selfLinkedCargoPad","This cargo connection uses the same Cargo Link at both endpoints.","Validation severity, diagnostic, context, or remediation.","HIGH","","","この貨物接続では、両端に同じ貨物リンクが指定されています。","Tracker-authored"
"validation.severity.error","Error","Validation severity, diagnostic, context, or remediation.","HIGH","","","エラー","Tracker-authored"
"validation.severity.info","Info","Validation severity, diagnostic, context, or remediation.","HIGH","","","情報","Tracker-authored"
"validation.severity.warning","Warning","Validation severity, diagnostic, context, or remediation.","HIGH","","","警告","Tracker-authored"
"validation.unknownBiome","This outpost refers to unknown body-biome ID ""{id}"".","Validation severity, diagnostic, context, or remediation.","HIGH","ID","id","この拠点が不明な天体バイオームID「{id}」を参照しています。","Tracker-authored"
"validation.unknownBody","This outpost refers to unknown planetary body ID ""{id}"".","Validation severity, diagnostic, context, or remediation.","HIGH","ID","id","この拠点が不明な天体ID「{id}」を参照しています。","Tracker-authored"
"validation.unknownExplicitResource","This outpost refers to unknown resource ID ""{id}"" in its explicit resource presence.","Validation severity, diagnostic, context, or remediation.","HIGH","ID","id","この拠点の明示的な資源存在記録が不明な資源ID「{id}」を参照しています。","Tracker-authored"
"validation.unknownLocalResource","This outpost refers to unknown resource ID ""{id}"" in its local resources.","Validation severity, diagnostic, context, or remediation.","HIGH","ID","id","この拠点の現地資源が不明な資源ID「{id}」を参照しています。","Tracker-authored"
"validation.unknownManufacturingProduct","This outpost refers to unknown product ID ""{id}"" in its manufacturing list.","Validation severity, diagnostic, context, or remediation.","HIGH","ID","id","この拠点の製造リストが不明な製造品ID「{id}」を参照しています。","Tracker-authored"
"validation.unknownOutboundItem","This Cargo Link refers to unknown {kind} ID ""{id}"" in its outbound items.","Validation severity, diagnostic, context, or remediation.","HIGH","ID","id; kind","この貨物リンクの搬出項目が不明な{kind} ID「{id}」を参照しています。","Tracker-authored"
"validation.unknownPlannedItem","This outpost refers to unknown {kind} ID ""{id}"" in Planned Supply.","Validation severity, diagnostic, context, or remediation.","HIGH","ID","id; kind","この拠点の供給予定が不明な{kind} ID「{id}」を参照しています。","Tracker-authored"
"validation.unknownProductionResource","This outpost refers to unknown resource ID ""{id}"" in its active production.","Validation severity, diagnostic, context, or remediation.","HIGH","ID","id","この拠点の稼働中の生産が不明な資源ID「{id}」を参照しています。","Tracker-authored"
"validation.unknownProductionSpecies","This outpost refers to unknown species ID ""{id}"" in its active production.","Validation severity, diagnostic, context, or remediation.","HIGH","ID","id","この拠点の稼働中の生産が不明な種ID「{id}」を参照しています。","Tracker-authored"
"validation.unknownSystem","This outpost refers to unknown star system ID ""{id}"".","Validation severity, diagnostic, context, or remediation.","HIGH","ID","id","この拠点が不明な星系ID「{id}」を参照しています。","Tracker-authored"
"validation.unresolvedCargoExport","This cargo export has no actual source.","Validation severity, diagnostic, context, or remediation.","HIGH","","","この搬出設定には実際の供給源がありません。","Tracker-authored"
"validation.unspecifiedOrganicSource","{resource} is recorded as produced, but no flora or fauna source has been specified.","Validation severity, diagnostic, context, or remediation.","HIGH","","resource","{resource}は生産中と記録されていますが、植物または動物の供給源が指定されていません。","Tracker-authored"
"validation.xTechCapabilityPresent","{resource} is recorded as present, but the character lacks the required extraction capability.","Validation severity, diagnostic, context, or remediation.","HIGH","","resource","{resource}は存在すると記録されていますが、キャラクターに必要な抽出能力がありません。","Tracker-authored"
"validation.xTechCapabilityProduced","{resource} is recorded as produced, but the character lacks the required extraction capability.","Validation severity, diagnostic, context, or remediation.","HIGH","","resource","{resource}は生産中と記録されていますが、キャラクターに必要な抽出能力がありません。","Tracker-authored"
"validation.xTechRequiresPresence","{resource} is recorded as produced, but it is not explicitly recorded as present at this outpost.","Validation severity, diagnostic, context, or remediation.","HIGH","","resource","{resource}は生産中と記録されていますが、この拠点に存在すると明示的に記録されていません。","Tracker-authored"
