Type,Name,ShortName
organic,Adhesive,Adh
organic,Amino Acids,AAc
organic,Analgesic,Ana
organic,Antimicrobial,AMb
organic,Aromatic,Aro
organic,Biosuppressant,Bio
organic,Cosmetic,Cos
organic,Fiber,Fib
organic,Gastronomic Delight,GDl
organic,Hallucinogen,Hal
organic,High-Tensile Spidroin,HTS
organic,Hypercatalyst,Hyp
organic,Immunostimulant,Imm
organic,Lubricant,Lub
organic,Luxury Textile,LTx
organic,Membrane,Mem
organic,Memory Substrate,MSb
organic,Metabolic Agent,MAg
organic,Neurologic,Neu
organic,None,Non
organic,Nutrient,Nut
organic,Ornamental,Orn
organic,Pigment,Pig
organic,Polymer,Pol
organic,Sealant,Sea
organic,Sedative,Sed
organic,Solvent,Slv
organic,Spice,Spc
organic,Stimulant,Stm
organic,Structural,Str
organic,Toxin,Txn
organic,Toxin Agent,TxA
organic,Unique,Unq
product,Adaptive Frame,AFr
product,Aldumite Drilling Rig,ADR
product,Austenitic Manifold,AMn
product,Comm Relay,CmR
product,Control Rod,CtR
product,Drilling Rig,DrR
product,Indicite Wafer,IWf
product,Isocentered Magnet,IMg
product,Isotopic Coolant,ICl
product,Mag Pressure Tank,MPT
product,Microsecond Regulator,MRg
product,Molecular Sieve,MSv
product,Monopropellant,MPr
product,Nuclear Fuel Rod,NFR
product,Paramagnon Conductor,PmC
product,Polytextile,PTx
product,Positron Battery,PBt
product,Power Circuit,PCt
product,Reactive Gauge,RGa
product,Rothicite Magnet,RMg
product,Semimetal Wafer,SWf
product,Sterile Nanotubes,SNt
product,Substrate Molecular Sieve,SMS
product,Supercooled Magnet,SMg
product,Tasine Superconductor,TSu
product,Tau Grade Rheostat,TGR
product,Veryl-Treated Manifold,VTM
product,Vytinium Fuel Rod,VFR
product,Zero Wire,ZWr
product,Zero-G Gimbal,ZGG
