ResourceFormID,ResourceId,Disposition,TrackerRarity,PlannedSupplyPlacement,PlannedSupplyOrder
01033E3F,x-tech,special-enabled,unique,special,3
0027C499,mercury,ordinary,rare,family,
00252074,caelumite,excluded,exotic,hidden,
0004BA38,indicite,ordinary,unique,family,
000083EC,water,ordinary,common,special,2
00006529,aqueous-hematite,excluded,unique,hidden,
00005DF8,vytinium,ordinary,unique,family,
00005DF7,veryl,ordinary,unique,family,
00005DF6,tasine,ordinary,unique,family,
00005DF5,aldumite,ordinary,unique,family,
00005DF1,rothicite,ordinary,unique,family,
000057F5,helium-3,ordinary,common,special,1
000057EE,plutonium,ordinary,exotic,family,
000057ED,vanadium,ordinary,rare,family,
000057EC,iridium,ordinary,uncommon,family,
000057EB,uranium,ordinary,common,family,8
000057EA,argon,ordinary,common,family,2
000057E9,neon,ordinary,exotic,family,
000057E8,carboxylic-acids,ordinary,rare,family,
000057E7,benzene,ordinary,uncommon,family,
000057E2,europium,ordinary,exotic,family,
000057E0,caesium,ordinary,exotic,family,1
000057DC,xenon,ordinary,exotic,family,2
000057DB,neodymium,ordinary,rare,family,
000057DA,lithium,ordinary,rare,family,
000057D8,beryllium,ordinary,uncommon,family,
000057D7,chlorosilanes,ordinary,uncommon,family,
000057D6,aluminium,ordinary,common,family,1
000057D5,chlorine,ordinary,common,family,3
000057D4,ionic-liquids,ordinary,exotic,family,
000057D3,antimony,ordinary,exotic,family,
000057D2,gold,ordinary,rare,family,1
000057D1,tetrafluorides,ordinary,rare,family,2
000057D0,fluorine,ordinary,uncommon,family,
000057CF,copper,ordinary,common,family,4
000057CE,cobalt,ordinary,uncommon,family,
000057CD,palladium,ordinary,exotic,family,
000057CC,platinum,ordinary,rare,family,
000057CB,nickel,ordinary,common,family,7
000057CA,ytterbium,ordinary,exotic,family,
000057C9,alkanes,ordinary,uncommon,family,
000057C8,tantalum,ordinary,rare,family,
000057C7,iron,ordinary,common,family,5
000057C6,titanium,ordinary,rare,family,
000057C4,tungsten,ordinary,uncommon,family,2
000057C3,silver,ordinary,uncommon,family,1
000057C2,dysprosium,ordinary,exotic,family,
000057C1,lead,ordinary,common,family,6
