Code,Resource
Ad,Aldumite
Ag,Silver
Al,Aluminium
Ar,Argon
Au,Gold
Be,Beryllium
C6Hn,Benzene
Cl,Chlorine
Co,Cobalt
Cs,Caesium
Cu,Copper
Dy,Dysprosium
Eu,Europium
F,Fluorine
Fe,Iron
H2O,Water
He-3,Helium-3
Hg,Mercury
HnCn,Alkanes
Ie,Indicite
IL,Ionic Liquids
Ir,Iridium
Li,Lithium
Nd,Neodymium
Ne,Neon
Ni,Nickel
Pb,Lead
Pd,Palladium
Pt,Platinum
Pu,Plutonium
R-COC,Carboxylic Acids
Rc,Rothicite
Sb,Antimony
SiH3Cl,Chlorosilanes
Ta,Tantalum
Ti,Titanium
Tsn,Tasine
U,Uranium
V,Vanadium
Vr,Veryl
Vy,Vytinium
W,Tungsten
Xe,Xenon
xF4,Tetrafluorides
Yb,Ytterbium