Name,ShortName,Rarity
Adaptive Frame,AFr,Common
Aldumite Drilling Rig,ADR,Unique
Austenitic Manifold,AMn,Uncommon
Comm Relay,CmR,Uncommon
Control Rod,CtR,Exotic
Drilling Rig,DrR,Rare
Indicite Wafer,IWf,Unique
Isocentered Magnet,IMg,Common
Isotopic Coolant,ICl,Common
Mag Pressure Tank,MPT,Uncommon
Microsecond Regulator,MRg,Exotic
Molecular Sieve,MSv,Rare
Monopropellant,MPr,Uncommon
Nuclear Fuel Rod,NFR,Exotic
Paramagnon Conductor,PmC,Rare
Polytextile,PTx,Uncommon
Positron Battery,PBt,Rare
Power Circuit,PCt,Exotic
Reactive Gauge,RGa,Common
Rothicite Magnet,RMg,Unique
Semimetal Wafer,SWf,Rare
Sterile Nanotubes,SNt,Exotic
Substrate Molecular Sieve,SMS,Unique
Supercooled Magnet,SMg,Rare
Tasine Superconductor,TSu,Unique
Tau Grade Rheostat,TGR,Uncommon
Veryl-Treated Manifold,VTM,Unique
Vytinium Fuel Rod,VFR,Unique
Zero Wire,ZWr,Common
Zero-G Gimbal,ZGG,Rare