"EvidenceId","Locale","OfficialValue","RecommendedDefault"
"term.outpost.standalone","en-US","Outpost",""
"term.cargo-link.standalone","en-US","Cargo Link",""
"term.inter-system-cargo-link.standalone","en-US","Inter-System Cargo Link",""
"term.inter-system.context-label","en-US","Cargo Link - Inter-System",""
"term.biome.ui-label","en-US","Biomes:",""
"term.biome.narrative-ecosystem","en-US","What a fascinating biome...",""
"term.biome.narrative-loanword","en-US","...from many biomes.",""
"term.biome.shattered-space-environment","en-US","Organic materials will be abundant in a biome like this.",""
"term.biome.free-lanes-structured-label","en-US","Biome: Oceans",""
"term.planet.outpost-context","en-US","Start an Outpost on a Planet",""
"term.planetary-body.exact-phrase","en-US","...asteroids and planetary bodies...",""
"term.planetary-body.celestial-context","en-US","celestial bodies",""
"term.star-system.target-context","en-US","Target System",""
"term.star-system.full-phrase","en-US","...the name of the star system.",""
"skill.outpost-management.name","en-US","Outpost Management",""
"skill.outpost-engineering.name","en-US","Outpost Engineering",""
"skill.planetary-habitation.name","en-US","Planetary Habitation",""
"skill.research-methods.name","en-US","Research Methods",""
"skill.special-projects.name","en-US","Special Projects",""
"term.x-tech.resource-name","en-US","X-Tech",""
"term.x-tech.free-lanes-context","en-US","X-Tech",""
"term.x-tech-power-core.item-name","en-US","X-Tech Power Core",""
"term.x-tech-power-core.extractor-reward","en-US","an X-Tech power core",""
"term.x-tech-power-core.handover","en-US","X-Tech power core",""
"term.x-tech-power-core.singular-reward","en-US","one X-Tech power core",""
"term.x-tech-power-core.reward-summary","en-US","One X-Tech power core",""
"term.x-tech-power-core.outpost-context","en-US","one X-Tech power core for your own personal outpost",""
"term.starfield.product-title","en-US","Starfield",""
"term.moon.satellite-context","en-US","this ... moon",""
"term.orbital.adjectival-context","en-US","Entering orbital pattern.",""
"term.outpost.free-lanes-context","en-US","outpost",""
"term.planet.free-lanes-context","en-US","a planet",""
"term.star-system.free-lanes-context","en-US","Travel to the Algorab system",""
"term.cargo-pad.base-game-absence","en-US","",""
"term.cargo-pad.shattered-space-absence","en-US","",""
"term.cargo-pad.trackers-alliance-absence","en-US","",""
"term.cargo-pad.free-lanes-absence","en-US","",""
