"EvidenceId","TermId","CanonicalEnglish","EvidenceKind","SourceUse","SourcePlugin","RecordSignature","RecordFormID","FieldPath","NameSourcePlugin","StringTable","StringID","OfficialEnglish","OfficialJapanese","Context","ContextNotes","Confidence","RecommendedDefaultForJaJP","Notes"
"term.outpost.standalone","term.outpost","Outpost","standalone","canonical-content","Starfield.esm","","","","Starfield.esm","strings","00006F11","Outpost","拠点","Exact standalone label","Several additional standalone IDs agree.","HIGH","拠点",""
"term.cargo-link.standalone","term.cargo-link","Cargo Link","standalone","canonical-content","Starfield.esm","","","","Starfield.esm","strings","00004B8C","Cargo Link","貨物リンク","Exact standalone label","IDs 00004B8D, 00005A7C, and 0000A1D2 also agree.","HIGH","貨物リンク","Presentation default."
"term.inter-system-cargo-link.standalone","term.inter-system-cargo-link","Inter-System Cargo Link","standalone","canonical-content","Starfield.esm","","","","Starfield.esm","strings","00008124","Inter-System Cargo Link","星系間貨物リンク","Exact full build/menu label","","HIGH","星系間貨物リンク","Presentation default."
"term.inter-system.context-label","term.inter-system","Inter-System","contextual","canonical-content","Starfield.esm","","","","Starfield.esm","strings","00002994","Cargo Link - Inter-System","貨物リンク - インターシステム","Hyphenated cargo-link UI label","The transliterated modifier is context-bound; the full official object label supports 星系間.","HIGH","星系間",""
"term.biome.ui-label","term.biome","Biome","standalone","canonical-content","Starfield.esm","","","","Starfield.esm","strings","00008493","Biomes:","生態系：","Plural UI label","Official wording varies by context.","HIGH","","Context-dependent; do not normalize mechanically."
"term.biome.narrative-ecosystem","term.biome","Biome","contextual","canonical-content","Starfield.esm","","","","Starfield.esm","ilstrings","00018D4D","What a fascinating biome...","興味深い生態系だね…","Narrative ecosystem usage","","HIGH","","Context-dependent."
"term.biome.narrative-loanword","term.biome","Biome","contextual","canonical-content","Starfield.esm","","","","Starfield.esm","ilstrings","000143A6","...from many biomes.","...さまざまなバイオームから...","Narrative loanword usage","","MEDIUM","バイオーム","Context-dependent."
"term.biome.shattered-space-environment","term.biome","Biome","contextual","canonical-content","ShatteredSpace.esm","","","","ShatteredSpace.esm","ilstrings","000003DC","Organic materials will be abundant in a biome like this.","こういう環境は有機物が豊富に存在するの","Narrative environment usage","Biome is omitted and expressed as environment in Japanese.","HIGH","","Context-dependent."
"term.biome.free-lanes-structured-label","term.biome","Biome","contextual","terminology-evidence-only","SFBGS050.esm","","","","SFBGS050.esm","strings","00000BE6","Biome: Oceans","バイオーム：海洋","Structured experiment label","One of nine experiment records using the same structured Biome label.","HIGH","バイオーム","Official Free Lanes evidence; not canonical tracker content."
"term.planet.outpost-context","term.planet","Planet","contextual","canonical-content","Starfield.esm","","","","Starfield.esm","strings","0002DF4B","Start an Outpost on a Planet","任意の惑星で拠点を作る","Outpost-domain usage","","HIGH","惑星",""
"term.planetary-body.exact-phrase","term.planetary-body","Planetary Body","contextual","canonical-content","Starfield.esm","","","","Starfield.esm","ilstrings","0001B852","...asteroids and planetary bodies...","...小惑星と惑星体...","Exact phrase in astronomical prose","惑星体 does not naturally cover every tracker orbital.","HIGH","天体","Tracker abstraction remains context-owned."
"term.planetary-body.celestial-context","term.planetary-body","Planetary Body","contextual","canonical-content","Starfield.esm","","","","Starfield.esm","ilstrings","00018BAB","celestial bodies","天体","Inclusive astronomical context","Supports the tracker planet/moon/orbital abstraction.","HIGH","天体",""
"term.star-system.target-context","term.star-system","Star System","contextual","canonical-content","Starfield.esm","","","","Starfield.esm","strings","0002DB8D","Target System","ターゲット星系","Mission/location context","Unambiguously denotes a star system.","HIGH","星系",""
"term.star-system.full-phrase","term.star-system","Star System","contextual","canonical-content","Starfield.esm","","","","Starfield.esm","ilstrings","00005284","...the name of the star system.","...星系の名前だ","Full phrase corroboration","","HIGH","星系",""
"skill.outpost-management.name","skill.outpost-management","Outpost Management","standalone","canonical-content","Starfield.esm","PERK","0023826F","topLevel.FULL","Starfield.esm","strings","00009ECC","Outpost Management","拠点管理","Qualified skill name","","HIGH","拠点管理",""
"skill.outpost-engineering.name","skill.outpost-engineering","Outpost Engineering","standalone","canonical-content","Starfield.esm","PERK","002C59E0","topLevel.FULL","Starfield.esm","strings","00009B6B","Outpost Engineering","拠点エンジニアリング","Qualified skill name","","HIGH","拠点エンジニアリング",""
"skill.planetary-habitation.name","skill.planetary-habitation","Planetary Habitation","standalone","canonical-content","Starfield.esm","PERK","0027CBC2","topLevel.FULL","Starfield.esm","strings","00009DD9","Planetary Habitation","惑星居住","Qualified skill name","","HIGH","惑星居住",""
"skill.research-methods.name","skill.research-methods","Research Methods","standalone","canonical-content","Starfield.esm","PERK","002C555C","topLevel.FULL","Starfield.esm","strings","00009C96","Research Methods","研究手法","Qualified skill name","","HIGH","研究手法",""
"skill.special-projects.name","skill.special-projects","Special Projects","standalone","canonical-content","Starfield.esm","PERK","0004CE2D","topLevel.FULL","Starfield.esm","strings","00030F39","Special Projects","特別プロジェクト","Qualified skill name","","HIGH","特別プロジェクト",""
"term.x-tech.resource-name","term.x-tech","X-Tech","standalone","canonical-content","SFBGS00D.esm","IRES","01033E3F","topLevel.FULL","SFBGS00D.esm","strings","00000FC7","X-Tech","X-テック","Qualified resource name","Standalone table ID 00001456 agrees.","HIGH","X-テック","Distinct from X-Tech Power Core."
"term.x-tech.free-lanes-context","term.x-tech","X-Tech","contextual","terminology-evidence-only","SFBGS050.esm","","","","SFBGS050.esm","dlstrings","0000183A","X-Tech","X-テック","Free Lanes origin/research dialogue","Corroborates the canonical resource spelling.","HIGH","X-テック","Not canonical tracker content."
"term.x-tech-power-core.item-name","term.x-tech-power-core","X-Tech Power Core","standalone","terminology-evidence-only","SFBGS050.esm","MISC","02031E18","topLevel.FULL","SFBGS050.esm","strings","000011E5","X-Tech Power Core","X-テックパワーコア","Free Lanes inventory/build-enabling item","","HIGH","X-テックパワーコア","Official terminology evidence only; do not ingest as a runtime reference entity."
"term.x-tech-power-core.extractor-reward","term.x-tech-power-core","X-Tech Power Core","contextual","terminology-evidence-only","SFBGS050.esm","","","","SFBGS050.esm","ilstrings","00000F2E","an X-Tech power core","X-テックのパワーコア","Reward enables building the player's own extractor","","HIGH","","Grammar/context evidence."
"term.x-tech-power-core.handover","term.x-tech-power-core","X-Tech Power Core","contextual","terminology-evidence-only","SFBGS050.esm","","","","SFBGS050.esm","ilstrings","00000F43","X-Tech power core","X-テックパワーコア","Promised item handed to the player","","HIGH","X-テックパワーコア","Compound-form evidence."
"term.x-tech-power-core.singular-reward","term.x-tech-power-core","X-Tech Power Core","contextual","terminology-evidence-only","SFBGS050.esm","","","","SFBGS050.esm","ilstrings","00000F56","one X-Tech power core","X-テックパワーコア","Singular reward context","","HIGH","X-テックパワーコア",""
"term.x-tech-power-core.reward-summary","term.x-tech-power-core","X-Tech Power Core","contextual","terminology-evidence-only","SFBGS050.esm","","","","SFBGS050.esm","ilstrings","00001BED","One X-Tech power core","X-テックパワーコア","Reward context","","HIGH","X-テックパワーコア",""
"term.x-tech-power-core.outpost-context","term.x-tech-power-core","X-Tech Power Core","contextual","terminology-evidence-only","SFBGS050.esm","","","","SFBGS050.esm","ilstrings","00001BF4","one X-Tech power core for your own personal outpost","拠点用のX-テックパワーコアを1つ","Direct outpost-domain context","Supports the tracker tooltip semantics.","HIGH","X-テックパワーコア",""
"term.starfield.product-title","term.starfield","Starfield","standalone","canonical-content","Starfield.esm","","","","Starfield.esm","strings","00033D2B","Starfield","スターフィールド","Exact standalone product title","","HIGH","スターフィールド",""
"term.moon.satellite-context","term.moon","Moon","contextual","canonical-content","Starfield.esm","","","","Starfield.esm","ilstrings","0001EB68","this ... moon","この衛星","Generic astronomical satellite","月 is used for Earth's Moon and other context-specific prose.","HIGH","衛星",""
"term.orbital.adjectival-context","term.orbital","Orbital","contextual","canonical-content","Starfield.esm","","","","Starfield.esm","ilstrings","00000F76","Entering orbital pattern.","軌道パターンに進入する","Adjectival orbital usage","No reliable standalone noun corresponding to the tracker body type was found.","MEDIUM","","Context-dependent."
"term.outpost.free-lanes-context","term.outpost","Outpost","contextual","terminology-evidence-only","SFBGS050.esm","","","","SFBGS050.esm","ilstrings","00000F5D","outpost","拠点","Free Lanes completion dialogue","Corroborates the base-game official term.","HIGH","拠点","Not canonical tracker content."
"term.planet.free-lanes-context","term.planet","Planet","contextual","terminology-evidence-only","SFBGS050.esm","","","","SFBGS050.esm","ilstrings","00001D44","a planet","惑星","Free Lanes resource-exhaustion dialogue","Corroborates the base-game official term.","HIGH","惑星","Not canonical tracker content."
"term.star-system.free-lanes-context","term.star-system","Star System","contextual","terminology-evidence-only","SFBGS050.esm","","","","SFBGS050.esm","strings","000027E2","Travel to the Algorab system","アルゴラブ星系へ向かう","Free Lanes location/quest objective","Corroborates the astronomical use of 星系.","HIGH","星系","Not canonical tracker content."
"term.cargo-pad.base-game-absence","term.cargo-pad","Cargo Pad","absence","canonical-content","Starfield.esm","","","","","","","","","No English Cargo Pad occurrence in paired authoritative tables","The internal CargoPad endpoint abstraction remains valid.","HIGH","","Retired presentation term; absence-history evidence only."
"term.cargo-pad.shattered-space-absence","term.cargo-pad","Cargo Pad","absence","canonical-content","ShatteredSpace.esm","","","","","","","","","No English Cargo Pad occurrence in paired authoritative tables","","HIGH","","Retired presentation term; absence-history evidence only."
"term.cargo-pad.trackers-alliance-absence","term.cargo-pad","Cargo Pad","absence","canonical-content","SFBGS00D.esm","","","","","","","","","No English Cargo Pad occurrence in paired authoritative tables","","HIGH","","Retired presentation term; absence-history evidence only."
"term.cargo-pad.free-lanes-absence","term.cargo-pad","Cargo Pad","absence","terminology-evidence-only","SFBGS050.esm","","","","","","","","","No English Cargo Pad occurrence in Free Lanes official tables","","HIGH","","Retired presentation term; absence-history evidence only and not canonical tracker content."
