Resource,ShortName,Rarity
Adhesive,Adh,Rare
Amino Acids,AAc,Rare
Analgesic,Ana,Rare
Antimicrobial,AMb,Uncommon
Aromatic,Aro,Rare
Biosuppressant,Bio,Exotic
Cosmetic,Cos,Uncommon
Fiber,Fib,Common
Gastronomic Delight,GDl,Unique
Hallucinogen,Hal,Rare
High-Tensile Spidroin,HTS,Unique
Hypercatalyst,Hyp,Exotic
Immunostimulant,Imm,Unique
Lubricant,Lub,Exotic
Luxury Textile,LTx,Unique
Membrane,Mem,Uncommon
Memory Substrate,MSb,Unique
Metabolic Agent,MAg,Common
Neurologic,Neu,Unique
Nutrient,Nut,Common
Ornamental,Orn,Uncommon
Pigment,Pig,Uncommon
Polymer,Pol,Exotic
Sealant,Sea,Common
Sedative,Sed,Rare
Solvent,Slv,Exotic
Spice,Spc,Uncommon
Stimulant,Stm,Exotic
Structural,Str,Common
Toxin,Txn,Common